{
  "project_info": {
    "project_number": "287605132733",
    "firebase_url": "https://entrega2-f3158.firebaseio.com",
    "project_id": "entrega2-f3158",
    "storage_bucket": "entrega2-f3158.appspot.com"
  },
  "client": [
    {
      "client_info": {
        "mobilesdk_app_id": "1:287605132733:android:345ac31a1586dd914516d4",
        "android_client_info": {
          "package_name": "com.example.entrega2"
        }
      },
      "oauth_client": [
        {
          "client_id": "287605132733-vmtod5knruq2is974uljjpcatndhcdsr.apps.googleusercontent.com",
          "client_type": 1,
          "android_info": {
            "package_name": "com.example.entrega2",
            "certificate_hash": "af23f947c164fdea3d1f7b5c874dc9e2ff625688"
          }
        },
        {
          "client_id": "287605132733-h5bobkleaevd0m337nglbh8hoi9l85i3.apps.googleusercontent.com",
          "client_type": 3
        }
      ],
      "api_key": [
        {
          "current_key": "AIzaSyBTEKC71-voUipjg-As97u8fIGY1i2AbsE"
        }
      ],
      "services": {
        "appinvite_service": {
          "other_platform_oauth_client": [
            {
              "client_id": "287605132733-h5bobkleaevd0m337nglbh8hoi9l85i3.apps.googleusercontent.com",
              "client_type": 3
            }
          ]
        }
      }
    }
  ],
  "configuration_version": "1"
}